{
    "name": "Bracelet hybride silicone Couvert Cuir",
    "image": "scraped_data\\images\\Bracelet_hybride_silicone_Couvert_Cuir.png",
    "description": "Bracelet hybride silicone Couvert Cuir  22 mm de haute qualité et confortable, s'adapte au poignet, et pas facile à tomber,\n\n\nLe Bracelet est compatible avec l'ensemble des montres 22 mm quelle que soit la marque \"\n\n\nPour Kieslect compatible avec (KS2-KR2-KR PRO LTD - KSPRO - KS - K11)",
    "original_price": "100.00 dh",
    "discounted_price": "69.00 dh"
}