{
    "name": "Bracelet Magnétique en Acier Inoxydable",
    "image": "scraped_data\\images\\Bracelet_Magnétique_en_Acier_Inoxydable.png",
    "description": "Bracelet Magnétique en acier inoxydable  22 mm de haute qualité et confortable, s'adapte au poignet, et pas facile à tomber,\n\n\nLe Bracelet est compatible avec l'ensemble des montres 22 mm quelle que soit la marque \"\n\n\nPour Kieslect compatible avec (KS2-KR2-KR PRO LTD - KSPRO - KS - K11)",
    "original_price": "160.00 dh",
    "discounted_price": "89.00 dh"
}