{
    "name": "Bracelet double face en cuir 22mm",
    "image": "scraped_data\\images\\Bracelet_double_face_en_cuir_22mm.png",
    "description": "Bracelet double face en cuir 22 mm de haute qualité et confortable, s'adapte au poignet, et pas facile à tomber,\n\n\nLe Bracelet est compatible avec l'ensemble des montres 22 mm quelle que soit la marque \"\n\n\n\n\nPour Kieslect compatible avec (\nKR2-KS2-KRPRO LTD - \nKSPRO - KRPRO - KS - K11)",
    "original_price": "150.00 dh",
    "discounted_price": "99.00 dh"
}