{
    "name": "BRACELET MAGNÉTIQUE EN CUIR 22 MM",
    "image": "scraped_data\\images\\BRACELET_MAGNÉTIQUE_EN_CUIR_22_MM.png",
    "description": "Bracelet magnétique en cuir véritable  22 mm de haute qualité et confortable, s'adapte au poignet, et pas facile à tomber,\n\"Le Bracelet est compatible avec l'ensemble des montres 22 mm quelle que soit la marque \"\n\n\n\n\nPour Kieslect compatible avec (\nKR2-KS2-KRPRO LTD - \nKSPRO - KRPRO - KS - K11)",
    "original_price": "150.00 dh",
    "discounted_price": "99.00 dh"
}