{
    "name": "Kieslect Smart calling watch KS Double Straps",
    "image": "scraped_data\\images\\Kieslect_Smart_calling_watch_KS_Double_Straps.png",
    "description": "Kieslect smart calling watch KS avec 2 bracelets \n\n\n🎈Appels Bluetooth clairs et stables\n🎈1.78 \"Affichage AMOLED coloré\n🎈Avertissement de fréquence cardiaque anormale\n🎈Toujours affiché\n🎈Couronne de navigation pratique\n🎈2Bracelets:magnétique, Silicone",
    "original_price": "900.00 dh",
    "discounted_price": "649.00 dh"
}