{
    "name": "Kieslect Actor Smartwatch with GPS+5ATM  and Stunning Ceramic Bezel",
    "image": "scraped_data\\images\\Kieslect_Actor_Smartwatch_with_GPS+5ATM__and_Stunning_Ceramic_Bezel.png",
    "description": "Kieslect Smart Calling Watch Actor with GPS+5ATM  and Stunning Ceramic Bezel\n\n\n\n\n\n\n● GPS：Accurate 0.6-meters.\n● Compatible with IOS & Android:Even the hardest one--Samsung S22 plus is included.\n●The maximum battery life:In energy-saving mode is 44 days.\n● 5ATM Waterproof:On rainy days or wear this watch 50 meters underwater.\n● The Essence of Ceramic Bezel：Repeatedly refined through 140 intricate processes, the hardness finally reached 1500HV, comparable to diamond.\n● World Biggest 1.6\" LTPO ,Display：AMOLED++:with 480*480 pixel resolution, true-to-life 16.7 million colors, 108% NTSC COLOR GAMUT COVERAGE, 347 PPI, and peak brightness of up to 1000 nits.\n● 150+ Sports Mode.\n● Clear & Stable Bluetooth Phone Call:Massgae notification timely.",
    "original_price": "1,000.00 dh",
    "discounted_price": "879.00 dh"
}