{
    "name": "KIESLECT LADY CALLING WATCH LORA STRAP GOLD MAGNETIC",
    "image": "scraped_data\\images\\KIESLECT_LADY_CALLING_WATCH_LORA_STRAP_GOLD_MAGNETIC.png",
    "description": "Stable Bluetooth Calling | 3D Full View Colorful Display | Elegant Music Player | Female Period Reminder | Heart Rate Monitor | Sleep Quality | 24H SpO2 Monitor | 70 Sports Modes | Calories Count | Steps Count | Password Lock | Built-in Games | Customized Dial | OTA Update | 18 Languages | Message Push | Weather Forecast | Calculator | Remote Camera Control | Find Phone | SOS | Alarms | Stopwatch | Timer | Flashlight | Sedentary Reminder | Brighten Screen With Wrist Raise | Multi-Theme | Quick Message Reply\n\n\n\n\n\n\n\n\n3D Full View Colorful Display\n\n\nLora boasts a stunning 3D Spherical full view colorful Semi-AMOLED screen.\n\n\n\n\n\n\n\n\nFadeless Aluminum Case\n\n\nCoupled with a fashionable design by fadeless aluminum alloy case, The gorgeous appearance makes the smartwatch an impressive and chic accessory to both your casual and outfit, your overall style.\n\n\n\n\n\n\n\n\nStable Bluetooth Calling\n\n\nSuper-stable connection with worldwide specific chipset, you can enjoy smooth calls from Lora.\nLora possesses superior built-in speakers & microphones, let you answer calls on your watch with fantastic quality sound when it's inconvenient to pick up your mobile phone.\n\n\n\n\n\n\n\n\nReceive Calls Directly On Wrist\n\n\nYou can receive, reject, dial back, dial out calls by keyboard and stone contacts easily. When you are out for a walk, working out or lying on sofa, connect the Lora to your mobile phone to ensure that you no longer miss important calls. Quick message reply(currently not supported by iOS, only Android). When danger come, double click, SOS Activate.\n\n\n\n\n\n\n\n\nElegant Music Player\n\n\nHigh Definition Music Playlist On Wrist: Mobile music playback is supported with the Lora, for you to control the music on your smartphone via Bluetooth 5.2;\nWith Lora, you can leisurely enjoy superior HD music when you are working out, hiking, and walking the dog.\nSwitch Up Your Style With Premium Bands: A variety of replacement watch straps with unique designs are optional for you to switch your style!\n\n\n\n\n\n\n\n\nSmart Life With Voice Assistant\n\n\nAssistant, Lora acts as your smart life assistant, Say to lora, \"Call Mom\" \"Play Music\"\n70 Sports Modes | 5 Days Battery Life | IP68 Waterproof | Customize With Your Own Photos | Female Period Reminder | Heart Rate Monitor\n\n\n\n\n\n\n\n\nQuick Release Magnetic Strap\n\n\nLoading the fashion trend with four kinds of premium collocations, Feeling comfortable owing to the perfect combination of silicone and metal materials, Easy to wear and release without the alignment of traditional buckles.",
    "original_price": "850.00 dh",
    "discounted_price": "599.00 dh"
}