{
    "name": "Kieslect Smart Calling Watch Ks Pro double strap",
    "image": "scraped_data\\images\\Kieslect_Smart_Calling_Watch_Ks_Pro_double_strap.png",
    "description": "KIESLECT SMART CALLING WATCH KS PRO AVEC DEUXIÈME BRACELET GRATUIT \n\n\n🎈Appels Bluetooth clairs et stables\n🎈2.01\" Super Large AMOLED Screen\n🎈Avertissement de fréquence cardiaque anormale\n🎈Toujours affiché\n🎈\nPowered by KIES OS 2.0\n🎈Deuxième Bracelet offert gratuitement\n\n\n\n\n\n\n\n\n\n\n\n\n\n\n\n\n\n\n\n\n\n\n\n\n\n\nKieslect Calling Watch Ks Pro Features:\n\n\n● 2.01\" Super Large Amoled Display\nBoasting a 2.01-inch class-leading super large screen with unprecedented high resolution of 410x520 pixels, Ks Pro allows you to view all the data and metrics on the bright, colorful and stunning display with a quick glance. Combined with smooth operation and elegant design, Ks Pro provides you the ultimate user experiences.\n● Powered by Kieslect OS\nKs Pro is powered by Kieslect OS, which is a whole new system designed by Kieslect with a faster, smoother user experience. You can insert your personal data to the app and check your health report including heart rate, respiration, stress level and sleep analysis etc. at any time.\n● Abnormal Heart Rate Alert\nIf your heart rate goes above or below the threshold you set, you will get an abnormal alert on your watch. Take care of your heart with accurate heart rate monitoring and keep an eye on possible atrial fibrillation – the common form of irregular heart rhythm.\n● 100 Sports Modes & IP68 Waterproof\n● Stable & Clear BT5.2 Calling\n● Live Smart with AI Voice Assistant\n● Built-in Games\n● Convenient Split Screen\n● Efficient Message Reply\n● Find My Phone/Watch\n● Smart Notification",
    "original_price": "1,200.00 dh",
    "discounted_price": "700.00 dh"
}