{
    "name": "Kieslect Kr-Pro Ltd + Bracelet Magnétique en acier Inoxydable",
    "image": "scraped_data\\images\\Kieslect_Kr-Pro_Ltd_+_Bracelet_Magnétique_en_acier_Inoxydable.png",
    "description": "Kieslect Smart Calling Watch KrPro Limited Edition Double strap + Bracelet Magnétique en acier inoxydable  \n\n\n\n\n1.43\" HD Colorful Ultra Amoled Display with AOD\n● Powered by Upgraded Kieslect OS\n● IP68 Waterproof\n● For both Android and IOS\n● Abnormal Heart Rate Alert\n● 100+ Sports Modes\n● Extensive 24H Health Monitoring\n● Abnormal Heart Rate Alert\n●2 Bracelets (1 magnétique ,1 Silicone)\n\n\n\n\n\n\n\n\n \n\n\nKieslect Smart Calling Watch Kr Pro Ltd\n\n\n● Extensive 24H Health Monitoring\nKr Pro Ltd safe guards your mental & physical health by monitoring everything from your heart rate, sleep score, respiration, stress level to mindfulness content in real time. By using the Kr Pro Ltd’s incredibly Extensive all-day health features, you will definitely have a healthier life.\n● Powered by Upgraded KIE OS\nKr Pro Ltd is running by KIE OS, an upgraded app self-developed by Kieslect.With better UI design and interactive interface, you can explore its comprehensive functions like checking workout performances and health reports while enjoying a smooth operation experience.\n● 1.43\" HD Colorful Amoled Display with AOD\nKr Pro Ltd features a stunning 1.43\" HD Colorful Amoled Display with 466*466 pixels that is sure to captivate you with its vibrant colors and crystal-clear visuals. With the AOD function on Kr Pro Ltd, you can finally say goodbye to the hardness of constantly turning your wrist or pressing buttons to check your watch.\n● IP68 Waterproof\nWith impressive IP68 water resistances, you are able to wash your hands and wear Kr Pro Ltd in the rain without any problem.\n● Abnormal Heart Rate Alert\nWith Kr Pro Ltd's Abnormal Heart Rate Alert feature, you can now monitor your heart rate more accurately and stay on top of your health.\nThe Abnormal Heart Rate Alert is a crucial feature that can help prevent heart-related health issues.\nIt is specifically designed to track your heart rate and send alerts if it detects any irregularities or abnormal spikes. With this feature, you can quickly take action and seek medical attention if necessary.",
    "original_price": "838.00 dh",
    "discounted_price": "639.00 dh"
}