{
    "name": "Kieslect Smart Calling Watch Ks Mini",
    "image": "scraped_data\\images\\Kieslect_Smart_Calling_Watch_Ks_Mini.png",
    "description": "Kieslect Smart Calling Watch Ks Mini\n\n\n\n\n● Clear & Stable Bluetooth Calls\n● Abnormal Heart Rate Warning\n● 1.78\" HD Colorful Amoled Display\n● Easy 24H Health Management\n● Dynamic Ul ● For both Android and IOS\n\n\n\n\n\n\n\n\n\n\n\n\n\n\nKieslect Smart Calling Watch Ks Mini Features：\n● Clear & Stable Bluetooth Calls\nWith a still powerful 2-in-1 call chip and a stable 5.2 Bluetooth connection, Ks mini provides you stable, clear, high-quality calls anytime&anywhere. In addition, the address book can store up to 100 people & a strong communication reserve.\n● Abnormal Heart Rate Warning\nHeart rate is one of the basic data of daily health management. And alerting to an abnormal heart rate is a top priority. Through scientific data detection, we provide a strong reminder mechanism for sudden heart rate conditions, ensuring that you know the sudden condition of the body in the first time.\n● 1.78\" HD Colorful Amoled Display\nThe HD texture of the display provides you with a clear visual enjoyment, and the 1.78” super large screen provides a comfortable and spacious display space for performance display in various dimensions. What is condensed on the small screen is the pursuit of visual perfection.\n● Easy 24 H Health Management\nKs mini is a health-focused smartwatch that manages important health data with one click. It has a variety of advanced sensors to provide 24-hour intelligent monitoring of blood oxygen levels and heart rate, and track your sleep patterns, providing you a comprehensive health data record every day.\n● Dynamic Ul\nLimited screen space to provide users with unlimited dynamic visual experience, with the most concise style design to provide users with clear visual navigation. The operation process steps are mastered by the user in an instant under the smooth touch. The designer's humanized design provides users with an excellent sense of scientific and technological experience.",
    "original_price": "600.00 dh",
    "discounted_price": "449.00 dh"
}