{
    "name": "Kieslect Lady Watch Lora 2 Double strap",
    "image": "scraped_data\\images\\Kieslect_Lady_Watch_Lora_2_Double_strap.png",
    "description": "Kieslect Lady Watch Lora 2\n\n\n\n\nUltra-thin Lightweight\n\n\nFashion Luxury Design\n\n\n1.3\" AMOLED Display\n\n\n24H Health Management\n\n\nHifi Hefnition Music Player\n\n\nFor both Android and IOS\n\n\n2 Bracelets (1 magnétique ,1 Silicone)\n\n\n\n\n\n\n\n\n \n\n\nKieslect Lady Smart Watch Lora 2 Features：\n\n\n● Slim & Unfading Aluminum Alloy Design\nThe affordable luxury watch comes with a premium slim and unfading aluminum alloy frame integrated into the sleek body. Polished to a shiny, mirror-like finish, the ultra-thin lightweight yet sturdy frame embodies high fashion, durability and elegance, providing strong protection against shock and impact while enhancing your most stylish & fashionable outfits.\n● Easy 24H Health Management\nLora 2 is a health-focused smartwatch that enables one-tap management of important health data. Housing a wide range of advanced sensors, it offers smart 24H monitoring of Blood-oxygen Levels & heart rate and tracks your sleeping patterns, providing you a super understandable overview of your health. The lady watch also records your current menstrual period to help you get predictions for upcoming menstrual & fertile period.\n● Smooth & Stable Bluetooth Calling\nWhether you're exercising, driving or cooking, you can make crystal clear and smooth calls with Lora 2 at anytime and anywhere. Through stable BT5.2 connection, Kieslect Lora 2 allows you to receive, reject phone calls and dial out without a fuss.\n● Radiant 1.3\" Ultra AMOLED Display\nSuper slim and fadeless aluminum frame coupled with a swanky 1.3” AMOLED display which will be bright and vivid in any lighting conditions, Lora 2 brings you comfortable texture and excellent visual experience. View the data that matters to you clearer, brighter, and quicker than ever before. Elegant appearance accompanied with practical features, Lora 2 is perfect for both indoor & outdoor use. Fashion your lifestyle every day.\n● Hassle-Free Music Player\nEnjoy a hassle-free music journey with Lora 2. Boasting a powerful music player, the watch lets you stream the playlist via Bluetooth connection. you can play, pause music and adjust volume right on your wrist.",
    "original_price": "1,000.00 dh",
    "discounted_price": "649.00 dh"
}