{
    "name": "Kieslect Smart Calling Watch Kr2 double  (Black Friday)",
    "image": "scraped_data\\images\\Kieslect_Smart_Calling_Watch_Kr2_double__(Black_Friday).png",
    "description": "Kieslect Smart Calling Watch Kr2 Double strap\n\n\n● Dual Core, Triple Speed.\n● 2.5D GPU Super Dynamic Display.\n● Advanced Biometric Sensor.\n● 24/7 Health Management.\n● The Easy Way to Live a Healthier Life.\n● Comprehensive Sports & Health Data.\n● One Step Pairing and Calls.\n● Music Playback & Control.\n● 1.43\" FHD AMOLED Display with AOD.\n● Editable Dynamic Watch Faces.\n\n\n●\n 2 Bracelets (1 magnétique ,1 Silicone)\n\n\n\n\n\n\n\n\n\n\n\n\n\n\n\n\n Kieslect Smart Calling Watch Ks2 Overview:\nDual Core, Triple Speed\nThe Kieslect Kr2 features a \"Dual Core\" Technology with both high CPU (240Mhz) and low CPU (96Mhz), and the 2 CPUs switch automatically between each other to optimize the experiences. It brings an amazing 60 FPS refresh rate and a 30% reduction in power consumption. All of these contribute to superior fluid operation and a longer-lasting battery.\n2.5D GPU Super Dynamic Display\nThe Kr2 is equipped with a 2.5D GPU, an industry-leading image processing accelerator, which makes the UI of the Kr2 more colorful and realistic visuals, while also providing stronger and more dynamic 3D effects, animation playbacks, and more.\nAdvanced Biometric Sensor\nFeaturing 2 ultra-bright 3-in-1 LEDs and 2 independent 60-mil large PD, the Kieslect Kr2 biometric sensor is capable of collecting 35% more data compared to our previous generation. When combined with Kieslect's sophisticated heart rate algorithm, it enhances heart rate monitoring accuracy by 40%.\nComprehensive Sports & Health Data\nThanks to enhanced sensors and increased storage capacity, now you can have a quick overview of comprehensive health and fitness data on Kieslect Kr2 smartwatch. Its user-friendly interface allows easy access to historical data, report generation, data comparison, and continuous health monitoring. \nOne Step Pairing and Calls\nUnlike other smartwatches with their complicated pairing processes, our 2-in-1 calling chipset and Bluetooth 5.3 simplify the connection process, offering you less hassle and a quicker connection for your always-on-the-go lifestyle. \n3 Digital Crowns\nWith its 3 rotating digital crowns, the Kieslect Kr2 provides convenient and user-friendly functionality for all your requirements. You can effortlessly manage screen brightness, power on/off, swiftly access to the menu, and even customize default sport modes, among other features.\n4 Mini Games\nThe Kieslect Ks2 comes loaded with 4 built-in mini games for your wrist's entertainment during leisure moments. Choose from Flappy Bird, 2048, Dice, and Air Combat, pick one and let's have some fun!",
    "original_price": "1,200.00 dh",
    "discounted_price": "799.00 dh"
}